CODE DEP,CODE COMMUNE,LIBELLE DES COMMUNES,LIBELLE DES TERRITOIRES DE SANTE,CODE ZONES DE PROXIMITE,LIBELLE DES ZONES DE PROXIMITE
68,68002,Altenach,TERRITOIRE DE SANTE 4,011,ALTKIRCH
68,68004,Altkirch,TERRITOIRE DE SANTE 4,011,ALTKIRCH
68,68006,Ammerzwiller,TERRITOIRE DE SANTE 4,011,ALTKIRCH
68,68010,Aspach,TERRITOIRE DE SANTE 4,011,ALTKIRCH
68,68017,Ballersdorf,TERRITOIRE DE SANTE 4,011,ALTKIRCH
68,68018,Balschwiller,TERRITOIRE DE SANTE 4,011,ALTKIRCH
68,68024,Bellemagny,TERRITOIRE DE SANTE 4,011,ALTKIRCH
68,68025,Bendorf,TERRITOIRE DE SANTE 4,011,ALTKIRCH
68,68027,Berentzwiller,TERRITOIRE DE SANTE 4,011,ALTKIRCH
68,68033,Bettendorf,TERRITOIRE DE SANTE 4,011,ALTKIRCH
68,68034,Bettlach,TERRITOIRE DE SANTE 4,011,ALTKIRCH
68,68035,Biederthal,TERRITOIRE DE SANTE 4,011,ALTKIRCH
68,68039,Bisel,TERRITOIRE DE SANTE 4,011,ALTKIRCH
68,68049,Bouxwiller,TERRITOIRE DE SANTE 4,011,ALTKIRCH
68,68050,Bréchaumont,TERRITOIRE DE SANTE 4,011,ALTKIRCH
68,68052,Bretten,TERRITOIRE DE SANTE 4,011,ALTKIRCH
68,68057,Buethwiller,TERRITOIRE DE SANTE 4,011,ALTKIRCH
68,68062,Carspach,TERRITOIRE DE SANTE 4,011,ALTKIRCH
68,68065,Chavannes-sur-l'Étang,TERRITOIRE DE SANTE 4,011,ALTKIRCH
68,68067,Courtavon,TERRITOIRE DE SANTE 4,011,ALTKIRCH
68,68068,Dannemarie,TERRITOIRE DE SANTE 4,011,ALTKIRCH
68,68071,Diefmatten,TERRITOIRE DE SANTE 4,011,ALTKIRCH
68,68074,Durlinsdorf,TERRITOIRE DE SANTE 4,011,ALTKIRCH
68,68075,Durmenach,TERRITOIRE DE SANTE 4,011,ALTKIRCH
68,68077,Eglingen,TERRITOIRE DE SANTE 4,011,ALTKIRCH
68,68079,Elbach,TERRITOIRE DE SANTE 4,011,ALTKIRCH
68,68080,Emlingen,TERRITOIRE DE SANTE 4,011,ALTKIRCH
68,68081,Saint-Bernard,TERRITOIRE DE SANTE 4,011,ALTKIRCH
68,68085,Eteimbes,TERRITOIRE DE SANTE 4,011,ALTKIRCH
68,68086,Falkwiller,TERRITOIRE DE SANTE 4,011,ALTKIRCH
68,68087,Feldbach,TERRITOIRE DE SANTE 4,011,ALTKIRCH
68,68090,Ferrette,TERRITOIRE DE SANTE 4,011,ALTKIRCH
68,68092,Fislis,TERRITOIRE DE SANTE 4,011,ALTKIRCH
68,68096,Franken,TERRITOIRE DE SANTE 4,011,ALTKIRCH
68,68098,Friesen,TERRITOIRE DE SANTE 4,011,ALTKIRCH
68,68099,Frœningen,TERRITOIRE DE SANTE 4,011,ALTKIRCH
68,68100,Fulleren,TERRITOIRE DE SANTE 4,011,ALTKIRCH
68,68105,Gildwiller,TERRITOIRE DE SANTE 4,011,ALTKIRCH
68,68107,Gommersdorf,TERRITOIRE DE SANTE 4,011,ALTKIRCH
68,68108,Grentzingen,TERRITOIRE DE SANTE 4,011,ALTKIRCH
68,68114,Guevenatten,TERRITOIRE DE SANTE 4,011,ALTKIRCH
68,68119,Hagenbach,TERRITOIRE DE SANTE 4,011,ALTKIRCH
68,68124,Hausgauen,TERRITOIRE DE SANTE 4,011,ALTKIRCH
68,68125,Hecken,TERRITOIRE DE SANTE 4,011,ALTKIRCH
68,68127,Heidwiller,TERRITOIRE DE SANTE 4,011,ALTKIRCH
68,68128,Heimersdorf,TERRITOIRE DE SANTE 4,011,ALTKIRCH
68,68131,Heiwiller,TERRITOIRE DE SANTE 4,011,ALTKIRCH
68,68133,Henflingen,TERRITOIRE DE SANTE 4,011,ALTKIRCH
68,68137,Hindlingen,TERRITOIRE DE SANTE 4,011,ALTKIRCH
68,68138,Hirsingue,TERRITOIRE DE SANTE 4,011,ALTKIRCH
68,68139,Hirtzbach,TERRITOIRE DE SANTE 4,011,ALTKIRCH
68,68141,Hochstatt,TERRITOIRE DE SANTE 4,011,ALTKIRCH
68,68148,Hundsbach,TERRITOIRE DE SANTE 4,011,ALTKIRCH
68,68152,Illfurth,TERRITOIRE DE SANTE 4,011,ALTKIRCH
68,68158,Jettingen,TERRITOIRE DE SANTE 4,011,ALTKIRCH
68,68165,Kiffis,TERRITOIRE DE SANTE 4,011,ALTKIRCH
68,68169,Kœstlach,TERRITOIRE DE SANTE 4,011,ALTKIRCH
68,68176,Largitzen,TERRITOIRE DE SANTE 4,011,ALTKIRCH
68,68181,Levoncourt,TERRITOIRE DE SANTE 4,011,ALTKIRCH
68,68184,Liebsdorf,TERRITOIRE DE SANTE 4,011,ALTKIRCH
68,68186,Ligsdorf,TERRITOIRE DE SANTE 4,011,ALTKIRCH
68,68187,Linsdorf,TERRITOIRE DE SANTE 4,011,ALTKIRCH
68,68190,Lucelle,TERRITOIRE DE SANTE 4,011,ALTKIRCH
68,68191,Luemschwiller,TERRITOIRE DE SANTE 4,011,ALTKIRCH
68,68192,Valdieu-Lutran,TERRITOIRE DE SANTE 4,011,ALTKIRCH
68,68194,Lutter,TERRITOIRE DE SANTE 4,011,ALTKIRCH
68,68196,Magny,TERRITOIRE DE SANTE 4,011,ALTKIRCH
68,68200,Manspach,TERRITOIRE DE SANTE 4,011,ALTKIRCH
68,68202,Mertzen,TERRITOIRE DE SANTE 4,011,ALTKIRCH
68,68212,Mœrnach,TERRITOIRE DE SANTE 4,011,ALTKIRCH
68,68214,Montreux-Jeune,TERRITOIRE DE SANTE 4,011,ALTKIRCH
68,68215,Montreux-Vieux,TERRITOIRE DE SANTE 4,011,ALTKIRCH
68,68216,Mooslargue,TERRITOIRE DE SANTE 4,011,ALTKIRCH
68,68221,Muespach,TERRITOIRE DE SANTE 4,011,ALTKIRCH
68,68222,Muespach-le-Haut,TERRITOIRE DE SANTE 4,011,ALTKIRCH
68,68240,Oberdorf,TERRITOIRE DE SANTE 4,011,ALTKIRCH
68,68243,Oberlarg,TERRITOIRE DE SANTE 4,011,ALTKIRCH
68,68245,Obermorschwiller,TERRITOIRE DE SANTE 4,011,ALTKIRCH
68,68248,Oltingue,TERRITOIRE DE SANTE 4,011,ALTKIRCH
68,68257,Pfetterhouse,TERRITOIRE DE SANTE 4,011,ALTKIRCH
68,68259,Raedersdorf,TERRITOIRE DE SANTE 4,011,ALTKIRCH
68,68268,Retzwiller,TERRITOIRE DE SANTE 4,011,ALTKIRCH
68,68273,Riespach,TERRITOIRE DE SANTE 4,011,ALTKIRCH
68,68282,Romagny,TERRITOIRE DE SANTE 4,011,ALTKIRCH
68,68284,Roppentzwiller,TERRITOIRE DE SANTE 4,011,ALTKIRCH
68,68288,Ruederbach,TERRITOIRE DE SANTE 4,011,ALTKIRCH
68,68293,Saint-Cosme,TERRITOIRE DE SANTE 4,011,ALTKIRCH
68,68299,Saint-Ulrich,TERRITOIRE DE SANTE 4,011,ALTKIRCH
68,68303,Schwoben,TERRITOIRE DE SANTE 4,011,ALTKIRCH
68,68305,Seppois-le-Bas,TERRITOIRE DE SANTE 4,011,ALTKIRCH
68,68306,Seppois-le-Haut,TERRITOIRE DE SANTE 4,011,ALTKIRCH
68,68312,Sondersdorf,TERRITOIRE DE SANTE 4,011,ALTKIRCH
68,68319,Spechbach-le-Bas,TERRITOIRE DE SANTE 4,011,ALTKIRCH
68,68320,Spechbach-le-Haut,TERRITOIRE DE SANTE 4,011,ALTKIRCH
68,68325,Steinsoultz,TERRITOIRE DE SANTE 4,011,ALTKIRCH
68,68326,Sternenberg,TERRITOIRE DE SANTE 4,011,ALTKIRCH
68,68330,Strueth,TERRITOIRE DE SANTE 4,011,ALTKIRCH
68,68332,Tagolsheim,TERRITOIRE DE SANTE 4,011,ALTKIRCH
68,68333,Tagsdorf,TERRITOIRE DE SANTE 4,011,ALTKIRCH
68,68336,Traubach-le-Bas,TERRITOIRE DE SANTE 4,011,ALTKIRCH
68,68337,Traubach-le-Haut,TERRITOIRE DE SANTE 4,011,ALTKIRCH
68,68340,Ueberstrass,TERRITOIRE DE SANTE 4,011,ALTKIRCH
68,68347,Vieux-Ferrette,TERRITOIRE DE SANTE 4,011,ALTKIRCH
68,68355,Waldighofen,TERRITOIRE DE SANTE 4,011,ALTKIRCH
68,68356,Walheim,TERRITOIRE DE SANTE 4,011,ALTKIRCH
68,68363,Werentzhouse,TERRITOIRE DE SANTE 4,011,ALTKIRCH
68,68371,Willer,TERRITOIRE DE SANTE 4,011,ALTKIRCH
68,68373,Winkel,TERRITOIRE DE SANTE 4,011,ALTKIRCH
68,68377,Wittersdorf,TERRITOIRE DE SANTE 4,011,ALTKIRCH
68,68378,Wolfersdorf,TERRITOIRE DE SANTE 4,011,ALTKIRCH
68,68380,Wolschwiller,TERRITOIRE DE SANTE 4,011,ALTKIRCH
68,68001,Algolsheim,TERRITOIRE DE SANTE 3,007,COLMAR
68,68005,Ammerschwihr,TERRITOIRE DE SANTE 3,007,COLMAR
68,68007,Andolsheim,TERRITOIRE DE SANTE 3,007,COLMAR
68,68008,Appenwihr,TERRITOIRE DE SANTE 3,007,COLMAR
68,68009,Artzenheim,TERRITOIRE DE SANTE 3,007,COLMAR
68,68014,Aubure,TERRITOIRE DE SANTE 3,007,COLMAR
68,68016,Balgau,TERRITOIRE DE SANTE 3,007,COLMAR
68,68019,Baltzenheim,TERRITOIRE DE SANTE 3,007,COLMAR
68,68023,Beblenheim,TERRITOIRE DE SANTE 3,007,COLMAR
68,68026,Bennwihr,TERRITOIRE DE SANTE 3,007,COLMAR
68,68028,Bergheim,TERRITOIRE DE SANTE 3,007,COLMAR
68,68036,Biesheim,TERRITOIRE DE SANTE 3,007,COLMAR
68,68038,Bischwihr,TERRITOIRE DE SANTE 3,007,COLMAR
68,68044,Le Bonhomme,TERRITOIRE DE SANTE 3,007,COLMAR
68,68051,Breitenbach-Haut-Rhin,TERRITOIRE DE SANTE 3,007,COLMAR
68,68066,Colmar,TERRITOIRE DE SANTE 3,007,COLMAR
68,68069,Dessenheim,TERRITOIRE DE SANTE 3,007,COLMAR
68,68076,Durrenentzen,TERRITOIRE DE SANTE 3,007,COLMAR
68,68078,Eguisheim,TERRITOIRE DE SANTE 3,007,COLMAR
68,68083,Eschbach-au-Val,TERRITOIRE DE SANTE 3,007,COLMAR
68,68095,Fortschwihr,TERRITOIRE DE SANTE 3,007,COLMAR
68,68097,Fréland,TERRITOIRE DE SANTE 3,007,COLMAR
68,68104,Geiswasser,TERRITOIRE DE SANTE 3,007,COLMAR
68,68109,Griesbach-au-Val,TERRITOIRE DE SANTE 3,007,COLMAR
68,68110,Grussenheim,TERRITOIRE DE SANTE 3,007,COLMAR
68,68113,Guémar,TERRITOIRE DE SANTE 3,007,COLMAR
68,68117,Gunsbach,TERRITOIRE DE SANTE 3,007,COLMAR
68,68130,Heiteren,TERRITOIRE DE SANTE 3,007,COLMAR
68,68134,Herrlisheim-près-Colmar,TERRITOIRE DE SANTE 3,007,COLMAR
68,68136,Hettenschlag,TERRITOIRE DE SANTE 3,007,COLMAR
68,68142,Hohrod,TERRITOIRE DE SANTE 3,007,COLMAR
68,68143,Holtzwihr,TERRITOIRE DE SANTE 3,007,COLMAR
68,68145,Horbourg-Wihr,TERRITOIRE DE SANTE 3,007,COLMAR
68,68146,Houssen,TERRITOIRE DE SANTE 3,007,COLMAR
68,68147,Hunawihr,TERRITOIRE DE SANTE 3,007,COLMAR
68,68150,Husseren-les-Châteaux,TERRITOIRE DE SANTE 3,007,COLMAR
68,68153,Illhaeusern,TERRITOIRE DE SANTE 3,007,COLMAR
68,68155,Ingersheim,TERRITOIRE DE SANTE 3,007,COLMAR
68,68157,Jebsheim,TERRITOIRE DE SANTE 3,007,COLMAR
68,68161,Katzenthal,TERRITOIRE DE SANTE 3,007,COLMAR
68,68162,Kaysersberg,TERRITOIRE DE SANTE 3,007,COLMAR
68,68164,Kientzheim,TERRITOIRE DE SANTE 3,007,COLMAR
68,68172,Kunheim,TERRITOIRE DE SANTE 3,007,COLMAR
68,68173,Labaroche,TERRITOIRE DE SANTE 3,007,COLMAR
68,68175,Lapoutroie,TERRITOIRE DE SANTE 3,007,COLMAR
68,68185,Lièpvre,TERRITOIRE DE SANTE 3,007,COLMAR
68,68189,Logelheim,TERRITOIRE DE SANTE 3,007,COLMAR
68,68193,Luttenbach-près-Munster,TERRITOIRE DE SANTE 3,007,COLMAR
68,68204,Metzeral,TERRITOIRE DE SANTE 3,007,COLMAR
68,68209,Mittelwihr,TERRITOIRE DE SANTE 3,007,COLMAR
68,68210,Mittlach,TERRITOIRE DE SANTE 3,007,COLMAR
68,68223,Muhlbach-sur-Munster,TERRITOIRE DE SANTE 3,007,COLMAR
68,68226,Munster,TERRITOIRE DE SANTE 3,007,COLMAR
68,68227,Muntzenheim,TERRITOIRE DE SANTE 3,007,COLMAR
68,68230,Nambsheim,TERRITOIRE DE SANTE 3,007,COLMAR
68,68231,Neuf-Brisach,TERRITOIRE DE SANTE 3,007,COLMAR
68,68237,Niedermorschwihr,TERRITOIRE DE SANTE 3,007,COLMAR
68,68244,Obermorschwihr,TERRITOIRE DE SANTE 3,007,COLMAR
68,68246,Obersaasheim,TERRITOIRE DE SANTE 3,007,COLMAR
68,68249,Orbey,TERRITOIRE DE SANTE 3,007,COLMAR
68,68252,Ostheim,TERRITOIRE DE SANTE 3,007,COLMAR
68,68269,Ribeauvillé,TERRITOIRE DE SANTE 3,007,COLMAR
68,68272,Riedwihr,TERRITOIRE DE SANTE 3,007,COLMAR
68,68277,Riquewihr,TERRITOIRE DE SANTE 3,007,COLMAR
68,68280,Rodern,TERRITOIRE DE SANTE 3,007,COLMAR
68,68283,Rombach-le-Franc,TERRITOIRE DE SANTE 3,007,COLMAR
68,68285,Rorschwihr,TERRITOIRE DE SANTE 3,007,COLMAR
68,68294,Sainte-Croix-aux-Mines,TERRITOIRE DE SANTE 3,007,COLMAR
68,68295,Sainte-Croix-en-Plaine,TERRITOIRE DE SANTE 3,007,COLMAR
68,68296,Saint-Hippolyte,TERRITOIRE DE SANTE 3,007,COLMAR
68,68298,Sainte-Marie-aux-Mines,TERRITOIRE DE SANTE 3,007,COLMAR
68,68310,Sigolsheim,TERRITOIRE DE SANTE 3,007,COLMAR
68,68311,Sondernach,TERRITOIRE DE SANTE 3,007,COLMAR
68,68316,Soultzbach-les-Bains,TERRITOIRE DE SANTE 3,007,COLMAR
68,68317,Soultzeren,TERRITOIRE DE SANTE 3,007,COLMAR
68,68329,Stosswihr,TERRITOIRE DE SANTE 3,007,COLMAR
68,68331,Sundhoffen,TERRITOIRE DE SANTE 3,007,COLMAR
68,68335,Thannenkirch,TERRITOIRE DE SANTE 3,007,COLMAR
68,68338,Turckheim,TERRITOIRE DE SANTE 3,007,COLMAR
68,68345,Urschenheim,TERRITOIRE DE SANTE 3,007,COLMAR
68,68350,Vœgtlinshoffen,TERRITOIRE DE SANTE 3,007,COLMAR
68,68351,Vogelgrun,TERRITOIRE DE SANTE 3,007,COLMAR
68,68352,Volgelsheim,TERRITOIRE DE SANTE 3,007,COLMAR
68,68354,Walbach,TERRITOIRE DE SANTE 3,007,COLMAR
68,68358,Wasserbourg,TERRITOIRE DE SANTE 3,007,COLMAR
68,68360,Weckolsheim,TERRITOIRE DE SANTE 3,007,COLMAR
68,68365,Wettolsheim,TERRITOIRE DE SANTE 3,007,COLMAR
68,68366,Wickerschwihr,TERRITOIRE DE SANTE 3,007,COLMAR
68,68367,Widensolen,TERRITOIRE DE SANTE 3,007,COLMAR
68,68368,Wihr-au-Val,TERRITOIRE DE SANTE 3,007,COLMAR
68,68374,Wintzenheim,TERRITOIRE DE SANTE 3,007,COLMAR
68,68379,Wolfgantzen,TERRITOIRE DE SANTE 3,007,COLMAR
68,68383,Zellenberg,TERRITOIRE DE SANTE 3,007,COLMAR
68,68385,Zimmerbach,TERRITOIRE DE SANTE 3,007,COLMAR
68,68029,Bergholtz,TERRITOIRE DE SANTE 3,008,GUEBWILLER
68,68030,Bergholtzzell,TERRITOIRE DE SANTE 3,008,GUEBWILLER
68,68037,Biltzheim,TERRITOIRE DE SANTE 3,008,GUEBWILLER
68,68041,Blodelsheim,TERRITOIRE DE SANTE 3,008,GUEBWILLER
68,68058,Buhl,TERRITOIRE DE SANTE 3,008,GUEBWILLER
68,68082,Ensisheim,TERRITOIRE DE SANTE 3,008,GUEBWILLER
68,68091,Fessenheim,TERRITOIRE DE SANTE 3,008,GUEBWILLER
68,68111,Gueberschwihr,TERRITOIRE DE SANTE 3,008,GUEBWILLER
68,68112,Guebwiller,TERRITOIRE DE SANTE 3,008,GUEBWILLER
68,68116,Gundolsheim,TERRITOIRE DE SANTE 3,008,GUEBWILLER
68,68122,Hartmannswiller,TERRITOIRE DE SANTE 3,008,GUEBWILLER
68,68123,Hattstatt,TERRITOIRE DE SANTE 3,008,GUEBWILLER
68,68140,Hirtzfelden,TERRITOIRE DE SANTE 3,008,GUEBWILLER
68,68156,Issenheim,TERRITOIRE DE SANTE 3,008,GUEBWILLER
68,68159,Jungholtz,TERRITOIRE DE SANTE 3,008,GUEBWILLER
68,68177,Lautenbach,TERRITOIRE DE SANTE 3,008,GUEBWILLER
68,68178,Lautenbachzell,TERRITOIRE DE SANTE 3,008,GUEBWILLER
68,68188,Linthal,TERRITOIRE DE SANTE 3,008,GUEBWILLER
68,68203,Merxheim,TERRITOIRE DE SANTE 3,008,GUEBWILLER
68,68205,Meyenheim,TERRITOIRE DE SANTE 3,008,GUEBWILLER
68,68225,Munchhouse,TERRITOIRE DE SANTE 3,008,GUEBWILLER
68,68228,Munwiller,TERRITOIRE DE SANTE 3,008,GUEBWILLER
68,68229,Murbach,TERRITOIRE DE SANTE 3,008,GUEBWILLER
68,68234,Niederentzen,TERRITOIRE DE SANTE 3,008,GUEBWILLER
68,68235,Niederhergheim,TERRITOIRE DE SANTE 3,008,GUEBWILLER
68,68241,Oberentzen,TERRITOIRE DE SANTE 3,008,GUEBWILLER
68,68242,Oberhergheim,TERRITOIRE DE SANTE 3,008,GUEBWILLER
68,68250,Orschwihr,TERRITOIRE DE SANTE 3,008,GUEBWILLER
68,68251,Osenbach,TERRITOIRE DE SANTE 3,008,GUEBWILLER
68,68255,Pfaffenheim,TERRITOIRE DE SANTE 3,008,GUEBWILLER
68,68260,Raedersheim,TERRITOIRE DE SANTE 3,008,GUEBWILLER
68,68266,Réguisheim,TERRITOIRE DE SANTE 3,008,GUEBWILLER
68,68274,Rimbach-près-Guebwiller,TERRITOIRE DE SANTE 3,008,GUEBWILLER
68,68276,Rimbachzell,TERRITOIRE DE SANTE 3,008,GUEBWILLER
68,68281,Roggenhouse,TERRITOIRE DE SANTE 3,008,GUEBWILLER
68,68287,Rouffach,TERRITOIRE DE SANTE 3,008,GUEBWILLER
68,68290,Rustenhart,TERRITOIRE DE SANTE 3,008,GUEBWILLER
68,68291,Rumersheim-le-Haut,TERRITOIRE DE SANTE 3,008,GUEBWILLER
68,68315,Soultz-Haut-Rhin,TERRITOIRE DE SANTE 3,008,GUEBWILLER
68,68318,Soultzmatt,TERRITOIRE DE SANTE 3,008,GUEBWILLER
68,68364,Westhalten,TERRITOIRE DE SANTE 3,008,GUEBWILLER
68,68381,Wuenheim,TERRITOIRE DE SANTE 3,008,GUEBWILLER
67,67014,Auenheim,TERRITOIRE DE SANTE 1,002,HAGUENAU
67,67023,Batzendorf,TERRITOIRE DE SANTE 1,002,HAGUENAU
67,67025,Beinheim,TERRITOIRE DE SANTE 1,002,HAGUENAU
67,67033,Bernolsheim,TERRITOIRE DE SANTE 1,002,HAGUENAU
67,67035,Berstheim,TERRITOIRE DE SANTE 1,002,HAGUENAU
67,67037,Biblisheim,TERRITOIRE DE SANTE 1,002,HAGUENAU
67,67038,Bietlenheim,TERRITOIRE DE SANTE 1,002,HAGUENAU
67,67039,Bilwisheim,TERRITOIRE DE SANTE 1,002,HAGUENAU
67,67046,Bischwiller,TERRITOIRE DE SANTE 1,002,HAGUENAU
67,67048,Bitschhoffen,TERRITOIRE DE SANTE 1,002,HAGUENAU
67,67067,Brumath,TERRITOIRE DE SANTE 1,002,HAGUENAU
67,67082,Dalhunden,TERRITOIRE DE SANTE 1,002,HAGUENAU
67,67083,Dambach,TERRITOIRE DE SANTE 1,002,HAGUENAU
67,67087,Dauendorf,TERRITOIRE DE SANTE 1,002,HAGUENAU
67,67093,Dieffenbach-lès-Wœrth,TERRITOIRE DE SANTE 1,002,HAGUENAU
67,67100,Donnenheim,TERRITOIRE DE SANTE 1,002,HAGUENAU
67,67106,Drusenheim,TERRITOIRE DE SANTE 1,002,HAGUENAU
67,67110,Durrenbach,TERRITOIRE DE SANTE 1,002,HAGUENAU
67,67123,Engwiller,TERRITOIRE DE SANTE 1,002,HAGUENAU
67,67132,Eschbach,TERRITOIRE DE SANTE 1,002,HAGUENAU
67,67140,Forstfeld,TERRITOIRE DE SANTE 1,002,HAGUENAU
67,67141,Forstheim,TERRITOIRE DE SANTE 1,002,HAGUENAU
67,67142,Fort-Louis,TERRITOIRE DE SANTE 1,002,HAGUENAU
67,67147,Frœschwiller,TERRITOIRE DE SANTE 1,002,HAGUENAU
67,67151,Gambsheim,TERRITOIRE DE SANTE 1,002,HAGUENAU
67,67156,Geudertheim,TERRITOIRE DE SANTE 1,002,HAGUENAU
67,67169,Gries,TERRITOIRE DE SANTE 1,002,HAGUENAU
67,67174,Gumbrechtshoffen,TERRITOIRE DE SANTE 1,002,HAGUENAU
67,67176,Gundershoffen,TERRITOIRE DE SANTE 1,002,HAGUENAU
67,67177,Gunstett,TERRITOIRE DE SANTE 1,002,HAGUENAU
67,67180,Haguenau,TERRITOIRE DE SANTE 1,002,HAGUENAU
67,67186,Hegeney,TERRITOIRE DE SANTE 1,002,HAGUENAU
67,67194,Herrlisheim,TERRITOIRE DE SANTE 1,002,HAGUENAU
67,67203,Hochstett,TERRITOIRE DE SANTE 1,002,HAGUENAU
67,67205,Hœrdt,TERRITOIRE DE SANTE 1,002,HAGUENAU
67,67215,Huttendorf,TERRITOIRE DE SANTE 1,002,HAGUENAU
67,67230,Kaltenhouse,TERRITOIRE DE SANTE 1,002,HAGUENAU
67,67231,Kauffenheim,TERRITOIRE DE SANTE 1,002,HAGUENAU
67,67235,Kesseldorf,TERRITOIRE DE SANTE 1,002,HAGUENAU
67,67237,Kilstett,TERRITOIRE DE SANTE 1,002,HAGUENAU
67,67238,Kindwiller,TERRITOIRE DE SANTE 1,002,HAGUENAU
67,67249,Krautwiller,TERRITOIRE DE SANTE 1,002,HAGUENAU
67,67250,Kriegsheim,TERRITOIRE DE SANTE 1,002,HAGUENAU
67,67252,Kurtzenhouse,TERRITOIRE DE SANTE 1,002,HAGUENAU
67,67260,Laubach,TERRITOIRE DE SANTE 1,002,HAGUENAU
67,67264,Leutenheim,TERRITOIRE DE SANTE 1,002,HAGUENAU
67,67291,Mertzwiller,TERRITOIRE DE SANTE 1,002,HAGUENAU
67,67292,Mietesheim,TERRITOIRE DE SANTE 1,002,HAGUENAU
67,67298,Mittelschaeffolsheim,TERRITOIRE DE SANTE 1,002,HAGUENAU
67,67301,Mommenheim,TERRITOIRE DE SANTE 1,002,HAGUENAU
67,67303,Morsbronn-les-Bains,TERRITOIRE DE SANTE 1,002,HAGUENAU
67,67304,Morschwiller,TERRITOIRE DE SANTE 1,002,HAGUENAU
67,67319,Neuhaeusel,TERRITOIRE DE SANTE 1,002,HAGUENAU
67,67324,Niederbronn-les-Bains,TERRITOIRE DE SANTE 1,002,HAGUENAU
67,67328,Niedermodern,TERRITOIRE DE SANTE 1,002,HAGUENAU
67,67331,Niederschaeffolsheim,TERRITOIRE DE SANTE 1,002,HAGUENAU
67,67340,Oberbronn,TERRITOIRE DE SANTE 1,002,HAGUENAU
67,67341,Oberdorf-Spachbach,TERRITOIRE DE SANTE 1,002,HAGUENAU
67,67345,Oberhoffen-sur-Moder,TERRITOIRE DE SANTE 1,002,HAGUENAU
67,67356,Offendorf,TERRITOIRE DE SANTE 1,002,HAGUENAU
67,67358,Offwiller,TERRITOIRE DE SANTE 1,002,HAGUENAU
67,67359,Ohlungen,TERRITOIRE DE SANTE 1,002,HAGUENAU
67,67361,Olwisheim,TERRITOIRE DE SANTE 1,002,HAGUENAU
67,67372,Pfaffenhoffen,TERRITOIRE DE SANTE 1,002,HAGUENAU
67,67388,Reichshoffen,TERRITOIRE DE SANTE 1,002,HAGUENAU
67,67405,Rœschwoog,TERRITOIRE DE SANTE 1,002,HAGUENAU
67,67407,Rohrwiller,TERRITOIRE DE SANTE 1,002,HAGUENAU
67,67409,Roppenheim,TERRITOIRE DE SANTE 1,002,HAGUENAU
67,67415,Rothbach,TERRITOIRE DE SANTE 1,002,HAGUENAU
67,67417,Rottelsheim,TERRITOIRE DE SANTE 1,002,HAGUENAU
67,67418,Rountzenheim,TERRITOIRE DE SANTE 1,002,HAGUENAU
67,67449,Schirrhein,TERRITOIRE DE SANTE 1,002,HAGUENAU
67,67450,Schirrhoffen,TERRITOIRE DE SANTE 1,002,HAGUENAU
67,67458,Schweighouse-sur-Moder,TERRITOIRE DE SANTE 1,002,HAGUENAU
67,67465,Sessenheim,TERRITOIRE DE SANTE 1,002,HAGUENAU
67,67472,Soufflenheim,TERRITOIRE DE SANTE 1,002,HAGUENAU
67,67476,Stattmatten,TERRITOIRE DE SANTE 1,002,HAGUENAU
67,67496,Uberach,TERRITOIRE DE SANTE 1,002,HAGUENAU
67,67497,Uhlwiller,TERRITOIRE DE SANTE 1,002,HAGUENAU
67,67498,Uhrwiller,TERRITOIRE DE SANTE 1,002,HAGUENAU
67,67502,Uttenhoffen,TERRITOIRE DE SANTE 1,002,HAGUENAU
67,67510,Wahlenheim,TERRITOIRE DE SANTE 1,002,HAGUENAU
67,67511,Walbourg,TERRITOIRE DE SANTE 1,002,HAGUENAU
67,67512,La Walck,TERRITOIRE DE SANTE 1,002,HAGUENAU
67,67523,Weitbruch,TERRITOIRE DE SANTE 1,002,HAGUENAU
67,67529,Weyersheim,TERRITOIRE DE SANTE 1,002,HAGUENAU
67,67536,Windstein,TERRITOIRE DE SANTE 1,002,HAGUENAU
67,67540,Wintershouse,TERRITOIRE DE SANTE 1,002,HAGUENAU
67,67546,Wittersheim,TERRITOIRE DE SANTE 1,002,HAGUENAU
67,67558,Zinswiller,TERRITOIRE DE SANTE 1,002,HAGUENAU
67,67001,Achenheim,TERRITOIRE DE SANTE 2,005,MOLSHEIM SCHIRMECK
67,67008,Altorf,TERRITOIRE DE SANTE 2,005,MOLSHEIM SCHIRMECK
67,67016,Avolsheim,TERRITOIRE DE SANTE 2,005,MOLSHEIM SCHIRMECK
67,67020,Barembach,TERRITOIRE DE SANTE 2,005,MOLSHEIM SCHIRMECK
67,67026,Bellefosse,TERRITOIRE DE SANTE 2,005,MOLSHEIM SCHIRMECK
67,67027,Belmont,TERRITOIRE DE SANTE 2,005,MOLSHEIM SCHIRMECK
67,67030,Bergbieten,TERRITOIRE DE SANTE 2,005,MOLSHEIM SCHIRMECK
67,67034,Berstett,TERRITOIRE DE SANTE 2,005,MOLSHEIM SCHIRMECK
67,67045,Bischoffsheim,TERRITOIRE DE SANTE 2,005,MOLSHEIM SCHIRMECK
67,67050,Blancherupt,TERRITOIRE DE SANTE 2,005,MOLSHEIM SCHIRMECK
67,67052,Bœrsch,TERRITOIRE DE SANTE 2,005,MOLSHEIM SCHIRMECK
67,67059,Bourg-Bruche,TERRITOIRE DE SANTE 2,005,MOLSHEIM SCHIRMECK
67,67065,Breuschwickersheim,TERRITOIRE DE SANTE 2,005,MOLSHEIM SCHIRMECK
67,67066,La Broque,TERRITOIRE DE SANTE 2,005,MOLSHEIM SCHIRMECK
67,67076,Colroy-la-Roche,TERRITOIRE DE SANTE 2,005,MOLSHEIM SCHIRMECK
67,67080,Dachstein,TERRITOIRE DE SANTE 2,005,MOLSHEIM SCHIRMECK
67,67081,Dahlenheim,TERRITOIRE DE SANTE 2,005,MOLSHEIM SCHIRMECK
67,67085,Dangolsheim,TERRITOIRE DE SANTE 2,005,MOLSHEIM SCHIRMECK
67,67097,Dingsheim,TERRITOIRE DE SANTE 2,005,MOLSHEIM SCHIRMECK
67,67098,Dinsheim-sur-Bruche,TERRITOIRE DE SANTE 2,005,MOLSHEIM SCHIRMECK
67,67101,Dorlisheim,TERRITOIRE DE SANTE 2,005,MOLSHEIM SCHIRMECK
67,67102,Dossenheim-Kochersberg,TERRITOIRE DE SANTE 2,005,MOLSHEIM SCHIRMECK
67,67108,Duppigheim,TERRITOIRE DE SANTE 2,005,MOLSHEIM SCHIRMECK
67,67109,Durningen,TERRITOIRE DE SANTE 2,005,MOLSHEIM SCHIRMECK
67,67112,Duttlenheim,TERRITOIRE DE SANTE 2,005,MOLSHEIM SCHIRMECK
67,67127,Ergersheim,TERRITOIRE DE SANTE 2,005,MOLSHEIM SCHIRMECK
67,67128,Ernolsheim-Bruche,TERRITOIRE DE SANTE 2,005,MOLSHEIM SCHIRMECK
67,67138,Fessenheim-le-Bas,TERRITOIRE DE SANTE 2,005,MOLSHEIM SCHIRMECK
67,67139,Flexbourg,TERRITOIRE DE SANTE 2,005,MOLSHEIM SCHIRMECK
67,67144,Fouday,TERRITOIRE DE SANTE 2,005,MOLSHEIM SCHIRMECK
67,67150,Furdenheim,TERRITOIRE DE SANTE 2,005,MOLSHEIM SCHIRMECK
67,67163,Gougenheim,TERRITOIRE DE SANTE 2,005,MOLSHEIM SCHIRMECK
67,67165,Grandfontaine,TERRITOIRE DE SANTE 2,005,MOLSHEIM SCHIRMECK
67,67167,Grendelbruch,TERRITOIRE DE SANTE 2,005,MOLSHEIM SCHIRMECK
67,67168,Gresswiller,TERRITOIRE DE SANTE 2,005,MOLSHEIM SCHIRMECK
67,67172,Griesheim-près-Molsheim,TERRITOIRE DE SANTE 2,005,MOLSHEIM SCHIRMECK
67,67173,Griesheim-sur-Souffel,TERRITOIRE DE SANTE 2,005,MOLSHEIM SCHIRMECK
67,67181,Handschuheim,TERRITOIRE DE SANTE 2,005,MOLSHEIM SCHIRMECK
67,67182,Hangenbieten,TERRITOIRE DE SANTE 2,005,MOLSHEIM SCHIRMECK
67,67188,Heiligenberg,TERRITOIRE DE SANTE 2,005,MOLSHEIM SCHIRMECK
67,67214,Hurtigheim,TERRITOIRE DE SANTE 2,005,MOLSHEIM SCHIRMECK
67,67226,Ittenheim,TERRITOIRE DE SANTE 2,005,MOLSHEIM SCHIRMECK
67,67228,Neugartheim-Ittlenheim,TERRITOIRE DE SANTE 2,005,MOLSHEIM SCHIRMECK
67,67236,Kienheim,TERRITOIRE DE SANTE 2,005,MOLSHEIM SCHIRMECK
67,67240,Kirchheim,TERRITOIRE DE SANTE 2,005,MOLSHEIM SCHIRMECK
67,67247,Kolbsheim,TERRITOIRE DE SANTE 2,005,MOLSHEIM SCHIRMECK
67,67253,Kuttolsheim,TERRITOIRE DE SANTE 2,005,MOLSHEIM SCHIRMECK
67,67276,Lutzelhouse,TERRITOIRE DE SANTE 2,005,MOLSHEIM SCHIRMECK
67,67282,Marlenheim,TERRITOIRE DE SANTE 2,005,MOLSHEIM SCHIRMECK
67,67299,Mollkirch,TERRITOIRE DE SANTE 2,005,MOLSHEIM SCHIRMECK
67,67300,Molsheim,TERRITOIRE DE SANTE 2,005,MOLSHEIM SCHIRMECK
67,67306,Muhlbach-sur-Bruche,TERRITOIRE DE SANTE 2,005,MOLSHEIM SCHIRMECK
67,67313,Mutzig,TERRITOIRE DE SANTE 2,005,MOLSHEIM SCHIRMECK
67,67314,Natzwiller,TERRITOIRE DE SANTE 2,005,MOLSHEIM SCHIRMECK
67,67321,Neuviller-la-Roche,TERRITOIRE DE SANTE 2,005,MOLSHEIM SCHIRMECK
67,67325,Niederhaslach,TERRITOIRE DE SANTE 2,005,MOLSHEIM SCHIRMECK
67,67335,Nordheim,TERRITOIRE DE SANTE 2,005,MOLSHEIM SCHIRMECK
67,67342,Oberhaslach,TERRITOIRE DE SANTE 2,005,MOLSHEIM SCHIRMECK
67,67354,Odratzheim,TERRITOIRE DE SANTE 2,005,MOLSHEIM SCHIRMECK
67,67363,Osthoffen,TERRITOIRE DE SANTE 2,005,MOLSHEIM SCHIRMECK
67,67368,Ottrott,TERRITOIRE DE SANTE 2,005,MOLSHEIM SCHIRMECK
67,67374,Pfettisheim,TERRITOIRE DE SANTE 2,005,MOLSHEIM SCHIRMECK
67,67375,Pfulgriesheim,TERRITOIRE DE SANTE 2,005,MOLSHEIM SCHIRMECK
67,67377,Plaine,TERRITOIRE DE SANTE 2,005,MOLSHEIM SCHIRMECK
67,67382,Quatzenheim,TERRITOIRE DE SANTE 2,005,MOLSHEIM SCHIRMECK
67,67384,Ranrupt,TERRITOIRE DE SANTE 2,005,MOLSHEIM SCHIRMECK
67,67406,Rohr,TERRITOIRE DE SANTE 2,005,MOLSHEIM SCHIRMECK
67,67410,Rosenwiller,TERRITOIRE DE SANTE 2,005,MOLSHEIM SCHIRMECK
67,67411,Rosheim,TERRITOIRE DE SANTE 2,005,MOLSHEIM SCHIRMECK
67,67414,Rothau,TERRITOIRE DE SANTE 2,005,MOLSHEIM SCHIRMECK
67,67420,Russ,TERRITOIRE DE SANTE 2,005,MOLSHEIM SCHIRMECK
67,67421,Saales,TERRITOIRE DE SANTE 2,005,MOLSHEIM SCHIRMECK
67,67424,Saint-Blaise-la-Roche,TERRITOIRE DE SANTE 2,005,MOLSHEIM SCHIRMECK
67,67428,Saint-Nabor,TERRITOIRE DE SANTE 2,005,MOLSHEIM SCHIRMECK
67,67436,Saulxures,TERRITOIRE DE SANTE 2,005,MOLSHEIM SCHIRMECK
67,67442,Scharrachbergheim-Irmstett,TERRITOIRE DE SANTE 2,005,MOLSHEIM SCHIRMECK
67,67448,Schirmeck,TERRITOIRE DE SANTE 2,005,MOLSHEIM SCHIRMECK
67,67452,Schnersheim,TERRITOIRE DE SANTE 2,005,MOLSHEIM SCHIRMECK
67,67470,Solbach,TERRITOIRE DE SANTE 2,005,MOLSHEIM SCHIRMECK
67,67473,Soultz-les-Bains,TERRITOIRE DE SANTE 2,005,MOLSHEIM SCHIRMECK
67,67480,Still,TERRITOIRE DE SANTE 2,005,MOLSHEIM SCHIRMECK
67,67485,Stutzheim-Offenheim,TERRITOIRE DE SANTE 2,005,MOLSHEIM SCHIRMECK
67,67492,Traenheim,TERRITOIRE DE SANTE 2,005,MOLSHEIM SCHIRMECK
67,67495,Truchtersheim,TERRITOIRE DE SANTE 2,005,MOLSHEIM SCHIRMECK
67,67500,Urmatt,TERRITOIRE DE SANTE 2,005,MOLSHEIM SCHIRMECK
67,67513,Waldersbach,TERRITOIRE DE SANTE 2,005,MOLSHEIM SCHIRMECK
67,67531,Wildersbach,TERRITOIRE DE SANTE 2,005,MOLSHEIM SCHIRMECK
67,67532,Willgottheim,TERRITOIRE DE SANTE 2,005,MOLSHEIM SCHIRMECK
67,67542,Wintzenheim-Kochersberg,TERRITOIRE DE SANTE 2,005,MOLSHEIM SCHIRMECK
67,67543,Wisches,TERRITOIRE DE SANTE 2,005,MOLSHEIM SCHIRMECK
67,67548,Wiwersheim,TERRITOIRE DE SANTE 2,005,MOLSHEIM SCHIRMECK
67,67554,Wolxheim,TERRITOIRE DE SANTE 2,005,MOLSHEIM SCHIRMECK
68,68015,Baldersheim,TERRITOIRE DE SANTE 4,010,MULHOUSE
68,68020,Bantzenheim,TERRITOIRE DE SANTE 4,010,MULHOUSE
68,68022,Battenheim,TERRITOIRE DE SANTE 4,010,MULHOUSE
68,68032,Berrwiller,TERRITOIRE DE SANTE 4,010,MULHOUSE
68,68043,Bollwiller,TERRITOIRE DE SANTE 4,010,MULHOUSE
68,68055,Bruebach,TERRITOIRE DE SANTE 4,010,MULHOUSE
68,68056,Brunstatt,TERRITOIRE DE SANTE 4,010,MULHOUSE
68,68064,Chalampé,TERRITOIRE DE SANTE 4,010,MULHOUSE
68,68070,Didenheim,TERRITOIRE DE SANTE 4,010,MULHOUSE
68,68084,Eschentzwiller,TERRITOIRE DE SANTE 4,010,MULHOUSE
68,68088,Feldkirch,TERRITOIRE DE SANTE 4,010,MULHOUSE
68,68093,Flaxlanden,TERRITOIRE DE SANTE 4,010,MULHOUSE
68,68101,Galfingue,TERRITOIRE DE SANTE 4,010,MULHOUSE
68,68118,Habsheim,TERRITOIRE DE SANTE 4,010,MULHOUSE
68,68129,Heimsbrunn,TERRITOIRE DE SANTE 4,010,MULHOUSE
68,68144,Hombourg,TERRITOIRE DE SANTE 4,010,MULHOUSE
68,68154,Illzach,TERRITOIRE DE SANTE 4,010,MULHOUSE
68,68166,Kingersheim,TERRITOIRE DE SANTE 4,010,MULHOUSE
68,68195,Lutterbach,TERRITOIRE DE SANTE 4,010,MULHOUSE
68,68218,Morschwiller-le-Bas,TERRITOIRE DE SANTE 4,010,MULHOUSE
68,68224,Mulhouse,TERRITOIRE DE SANTE 4,010,MULHOUSE
68,68238,Niffer,TERRITOIRE DE SANTE 4,010,MULHOUSE
68,68253,Ottmarsheim,TERRITOIRE DE SANTE 4,010,MULHOUSE
68,68254,Petit-Landau,TERRITOIRE DE SANTE 4,010,MULHOUSE
68,68256,Pfastatt,TERRITOIRE DE SANTE 4,010,MULHOUSE
68,68258,Pulversheim,TERRITOIRE DE SANTE 4,010,MULHOUSE
68,68267,Reiningue,TERRITOIRE DE SANTE 4,010,MULHOUSE
68,68270,Richwiller,TERRITOIRE DE SANTE 4,010,MULHOUSE
68,68271,Riedisheim,TERRITOIRE DE SANTE 4,010,MULHOUSE
68,68278,Rixheim,TERRITOIRE DE SANTE 4,010,MULHOUSE
68,68289,Ruelisheim,TERRITOIRE DE SANTE 4,010,MULHOUSE
68,68300,Sausheim,TERRITOIRE DE SANTE 4,010,MULHOUSE
68,68321,Staffelfelden,TERRITOIRE DE SANTE 4,010,MULHOUSE
68,68323,Steinbrunn-le-Bas,TERRITOIRE DE SANTE 4,010,MULHOUSE
68,68324,Steinbrunn-le-Haut,TERRITOIRE DE SANTE 4,010,MULHOUSE
68,68343,Ungersheim,TERRITOIRE DE SANTE 4,010,MULHOUSE
68,68375,Wittelsheim,TERRITOIRE DE SANTE 4,010,MULHOUSE
68,68376,Wittenheim,TERRITOIRE DE SANTE 4,010,MULHOUSE
68,68384,Zillisheim,TERRITOIRE DE SANTE 4,010,MULHOUSE
68,68386,Zimmersheim,TERRITOIRE DE SANTE 4,010,MULHOUSE
67,67003,Albé,TERRITOIRE DE SANTE 3,006,OBERNAI-SELESTAT
67,67010,Andlau,TERRITOIRE DE SANTE 3,006,OBERNAI-SELESTAT
67,67011,Artolsheim,TERRITOIRE DE SANTE 3,006,OBERNAI-SELESTAT
67,67019,Baldenheim,TERRITOIRE DE SANTE 3,006,OBERNAI-SELESTAT
67,67021,Barr,TERRITOIRE DE SANTE 3,006,OBERNAI-SELESTAT
67,67022,Bassemberg,TERRITOIRE DE SANTE 3,006,OBERNAI-SELESTAT
67,67028,Benfeld,TERRITOIRE DE SANTE 3,006,OBERNAI-SELESTAT
67,67031,Bernardswiller,TERRITOIRE DE SANTE 2,006,OBERNAI-SELESTAT
67,67032,Bernardvillé,TERRITOIRE DE SANTE 3,006,OBERNAI-SELESTAT
67,67040,Bindernheim,TERRITOIRE DE SANTE 3,006,OBERNAI-SELESTAT
67,67051,Blienschwiller,TERRITOIRE DE SANTE 3,006,OBERNAI-SELESTAT
67,67053,Bœsenbiesen,TERRITOIRE DE SANTE 3,006,OBERNAI-SELESTAT
67,67054,Bolsenheim,TERRITOIRE DE SANTE 2,006,OBERNAI-SELESTAT
67,67055,Boofzheim,TERRITOIRE DE SANTE 3,006,OBERNAI-SELESTAT
67,67056,Bootzheim,TERRITOIRE DE SANTE 3,006,OBERNAI-SELESTAT
67,67060,Bourgheim,TERRITOIRE DE SANTE 2,006,OBERNAI-SELESTAT
67,67062,Breitenau,TERRITOIRE DE SANTE 3,006,OBERNAI-SELESTAT
67,67063,Breitenbach,TERRITOIRE DE SANTE 3,006,OBERNAI-SELESTAT
67,67073,Châtenois,TERRITOIRE DE SANTE 3,006,OBERNAI-SELESTAT
67,67084,Dambach-la-Ville,TERRITOIRE DE SANTE 3,006,OBERNAI-SELESTAT
67,67086,Daubensand,TERRITOIRE DE SANTE 2,006,OBERNAI-SELESTAT
67,67090,Diebolsheim,TERRITOIRE DE SANTE 3,006,OBERNAI-SELESTAT
67,67092,Dieffenbach-au-Val,TERRITOIRE DE SANTE 3,006,OBERNAI-SELESTAT
67,67094,Dieffenthal,TERRITOIRE DE SANTE 3,006,OBERNAI-SELESTAT
67,67115,Ebersheim,TERRITOIRE DE SANTE 3,006,OBERNAI-SELESTAT
67,67116,Ebersmunster,TERRITOIRE DE SANTE 3,006,OBERNAI-SELESTAT
67,67120,Eichhoffen,TERRITOIRE DE SANTE 3,006,OBERNAI-SELESTAT
67,67121,Elsenheim,TERRITOIRE DE SANTE 3,006,OBERNAI-SELESTAT
67,67125,Epfig,TERRITOIRE DE SANTE 3,006,OBERNAI-SELESTAT
67,67130,Erstein,TERRITOIRE DE SANTE 2,006,OBERNAI-SELESTAT
67,67143,Fouchy,TERRITOIRE DE SANTE 3,006,OBERNAI-SELESTAT
67,67146,Friesenheim,TERRITOIRE DE SANTE 3,006,OBERNAI-SELESTAT
67,67154,Gerstheim,TERRITOIRE DE SANTE 2,006,OBERNAI-SELESTAT
67,67155,Gertwiller,TERRITOIRE DE SANTE 3,006,OBERNAI-SELESTAT
67,67164,Goxwiller,TERRITOIRE DE SANTE 2,006,OBERNAI-SELESTAT
67,67187,Heidolsheim,TERRITOIRE DE SANTE 3,006,OBERNAI-SELESTAT
67,67189,Heiligenstein,TERRITOIRE DE SANTE 3,006,OBERNAI-SELESTAT
67,67192,Herbsheim,TERRITOIRE DE SANTE 3,006,OBERNAI-SELESTAT
67,67195,Hessenheim,TERRITOIRE DE SANTE 3,006,OBERNAI-SELESTAT
67,67196,Hilsenheim,TERRITOIRE DE SANTE 3,006,OBERNAI-SELESTAT
67,67197,Hindisheim,TERRITOIRE DE SANTE 2,006,OBERNAI-SELESTAT
67,67200,Hipsheim,TERRITOIRE DE SANTE 2,006,OBERNAI-SELESTAT
67,67210,Le Hohwald,TERRITOIRE DE SANTE 3,006,OBERNAI-SELESTAT
67,67216,Huttenheim,TERRITOIRE DE SANTE 3,006,OBERNAI-SELESTAT
67,67217,Ichtratzheim,TERRITOIRE DE SANTE 2,006,OBERNAI-SELESTAT
67,67223,Innenheim,TERRITOIRE DE SANTE 2,006,OBERNAI-SELESTAT
67,67227,Itterswiller,TERRITOIRE DE SANTE 3,006,OBERNAI-SELESTAT
67,67233,Kertzfeld,TERRITOIRE DE SANTE 3,006,OBERNAI-SELESTAT
67,67239,Kintzheim,TERRITOIRE DE SANTE 3,006,OBERNAI-SELESTAT
67,67246,Kogenheim,TERRITOIRE DE SANTE 3,006,OBERNAI-SELESTAT
67,67248,Krautergersheim,TERRITOIRE DE SANTE 2,006,OBERNAI-SELESTAT
67,67255,Lalaye,TERRITOIRE DE SANTE 3,006,OBERNAI-SELESTAT
67,67266,Limersheim,TERRITOIRE DE SANTE 2,006,OBERNAI-SELESTAT
67,67277,Mackenheim,TERRITOIRE DE SANTE 3,006,OBERNAI-SELESTAT
67,67280,Maisonsgoutte,TERRITOIRE DE SANTE 3,006,OBERNAI-SELESTAT
67,67281,Marckolsheim,TERRITOIRE DE SANTE 3,006,OBERNAI-SELESTAT
67,67285,Matzenheim,TERRITOIRE DE SANTE 3,006,OBERNAI-SELESTAT
67,67286,Meistratzheim,TERRITOIRE DE SANTE 2,006,OBERNAI-SELESTAT
67,67295,Mittelbergheim,TERRITOIRE DE SANTE 3,006,OBERNAI-SELESTAT
67,67310,Mussig,TERRITOIRE DE SANTE 3,006,OBERNAI-SELESTAT
67,67311,Muttersholtz,TERRITOIRE DE SANTE 3,006,OBERNAI-SELESTAT
67,67317,Neubois,TERRITOIRE DE SANTE 3,006,OBERNAI-SELESTAT
67,67320,Neuve-Église,TERRITOIRE DE SANTE 3,006,OBERNAI-SELESTAT
67,67329,Niedernai,TERRITOIRE DE SANTE 2,006,OBERNAI-SELESTAT
67,67336,Nordhouse,TERRITOIRE DE SANTE 2,006,OBERNAI-SELESTAT
67,67337,Nothalten,TERRITOIRE DE SANTE 3,006,OBERNAI-SELESTAT
67,67338,Obenheim,TERRITOIRE DE SANTE 2,006,OBERNAI-SELESTAT
67,67348,Obernai,TERRITOIRE DE SANTE 2,006,OBERNAI-SELESTAT
67,67360,Ohnenheim,TERRITOIRE DE SANTE 3,006,OBERNAI-SELESTAT
67,67362,Orschwiller,TERRITOIRE DE SANTE 3,006,OBERNAI-SELESTAT
67,67364,Osthouse,TERRITOIRE DE SANTE 2,006,OBERNAI-SELESTAT
67,67387,Reichsfeld,TERRITOIRE DE SANTE 3,006,OBERNAI-SELESTAT
67,67397,Rhinau,TERRITOIRE DE SANTE 3,006,OBERNAI-SELESTAT
67,67398,Richtolsheim,TERRITOIRE DE SANTE 3,006,OBERNAI-SELESTAT
67,67412,Rossfeld,TERRITOIRE DE SANTE 3,006,OBERNAI-SELESTAT
67,67422,Saasenheim,TERRITOIRE DE SANTE 3,006,OBERNAI-SELESTAT
67,67426,Saint-Martin,TERRITOIRE DE SANTE 3,006,OBERNAI-SELESTAT
67,67427,Saint-Maurice,TERRITOIRE DE SANTE 3,006,OBERNAI-SELESTAT
67,67429,Saint-Pierre,TERRITOIRE DE SANTE 3,006,OBERNAI-SELESTAT
67,67430,Saint-Pierre-Bois,TERRITOIRE DE SANTE 3,006,OBERNAI-SELESTAT
67,67433,Sand,TERRITOIRE DE SANTE 3,006,OBERNAI-SELESTAT
67,67438,Schaeffersheim,TERRITOIRE DE SANTE 2,006,OBERNAI-SELESTAT
67,67445,Scherwiller,TERRITOIRE DE SANTE 3,006,OBERNAI-SELESTAT
67,67453,Schœnau,TERRITOIRE DE SANTE 3,006,OBERNAI-SELESTAT
67,67461,Schwobsheim,TERRITOIRE DE SANTE 3,006,OBERNAI-SELESTAT
67,67462,Sélestat,TERRITOIRE DE SANTE 3,006,OBERNAI-SELESTAT
67,67464,Sermersheim,TERRITOIRE DE SANTE 3,006,OBERNAI-SELESTAT
67,67477,Steige,TERRITOIRE DE SANTE 3,006,OBERNAI-SELESTAT
67,67481,Stotzheim,TERRITOIRE DE SANTE 3,006,OBERNAI-SELESTAT
67,67486,Sundhouse,TERRITOIRE DE SANTE 3,006,OBERNAI-SELESTAT
67,67490,Thanvillé,TERRITOIRE DE SANTE 3,006,OBERNAI-SELESTAT
67,67493,Triembach-au-Val,TERRITOIRE DE SANTE 3,006,OBERNAI-SELESTAT
67,67499,Urbeis,TERRITOIRE DE SANTE 3,006,OBERNAI-SELESTAT
67,67501,Uttenheim,TERRITOIRE DE SANTE 2,006,OBERNAI-SELESTAT
67,67504,Valff,TERRITOIRE DE SANTE 2,006,OBERNAI-SELESTAT
67,67505,La Vancelle,TERRITOIRE DE SANTE 3,006,OBERNAI-SELESTAT
67,67507,Villé,TERRITOIRE DE SANTE 3,006,OBERNAI-SELESTAT
67,67526,Westhouse,TERRITOIRE DE SANTE 2,006,OBERNAI-SELESTAT
67,67545,Witternheim,TERRITOIRE DE SANTE 3,006,OBERNAI-SELESTAT
67,67547,Wittisheim,TERRITOIRE DE SANTE 3,006,OBERNAI-SELESTAT
67,67557,Zellwiller,TERRITOIRE DE SANTE 2,006,OBERNAI-SELESTAT
68,68013,Attenschwiller,TERRITOIRE DE SANTE 4,012,SAINT-LOUIS
68,68021,Bartenheim,TERRITOIRE DE SANTE 4,012,SAINT-LOUIS
68,68042,Blotzheim,TERRITOIRE DE SANTE 4,012,SAINT-LOUIS
68,68054,Brinckheim,TERRITOIRE DE SANTE 4,012,SAINT-LOUIS
68,68061,Buschwiller,TERRITOIRE DE SANTE 4,012,SAINT-LOUIS
68,68072,Dietwiller,TERRITOIRE DE SANTE 4,012,SAINT-LOUIS
68,68094,Folgensbourg,TERRITOIRE DE SANTE 4,012,SAINT-LOUIS
68,68103,Geispitzen,TERRITOIRE DE SANTE 4,012,SAINT-LOUIS
68,68120,Hagenthal-le-Bas,TERRITOIRE DE SANTE 4,012,SAINT-LOUIS
68,68121,Hagenthal-le-Haut,TERRITOIRE DE SANTE 4,012,SAINT-LOUIS
68,68126,Hégenheim,TERRITOIRE DE SANTE 4,012,SAINT-LOUIS
68,68132,Helfrantzkirch,TERRITOIRE DE SANTE 4,012,SAINT-LOUIS
68,68135,Hésingue,TERRITOIRE DE SANTE 4,012,SAINT-LOUIS
68,68149,Huningue,TERRITOIRE DE SANTE 4,012,SAINT-LOUIS
68,68160,Kappelen,TERRITOIRE DE SANTE 4,012,SAINT-LOUIS
68,68163,Kembs,TERRITOIRE DE SANTE 4,012,SAINT-LOUIS
68,68168,Knœringue,TERRITOIRE DE SANTE 4,012,SAINT-LOUIS
68,68170,Kœtzingue,TERRITOIRE DE SANTE 4,012,SAINT-LOUIS
68,68174,Landser,TERRITOIRE DE SANTE 4,012,SAINT-LOUIS
68,68182,Leymen,TERRITOIRE DE SANTE 4,012,SAINT-LOUIS
68,68183,Liebenswiller,TERRITOIRE DE SANTE 4,012,SAINT-LOUIS
68,68197,Magstatt-le-Bas,TERRITOIRE DE SANTE 4,012,SAINT-LOUIS
68,68198,Magstatt-le-Haut,TERRITOIRE DE SANTE 4,012,SAINT-LOUIS
68,68207,Michelbach-le-Bas,TERRITOIRE DE SANTE 4,012,SAINT-LOUIS
68,68208,Michelbach-le-Haut,TERRITOIRE DE SANTE 4,012,SAINT-LOUIS
68,68232,Neuwiller,TERRITOIRE DE SANTE 4,012,SAINT-LOUIS
68,68263,Ranspach-le-Bas,TERRITOIRE DE SANTE 4,012,SAINT-LOUIS
68,68264,Ranspach-le-Haut,TERRITOIRE DE SANTE 4,012,SAINT-LOUIS
68,68265,Rantzwiller,TERRITOIRE DE SANTE 4,012,SAINT-LOUIS
68,68286,Rosenau,TERRITOIRE DE SANTE 4,012,SAINT-LOUIS
68,68297,Saint-Louis,TERRITOIRE DE SANTE 4,012,SAINT-LOUIS
68,68301,Schlierbach,TERRITOIRE DE SANTE 4,012,SAINT-LOUIS
68,68309,Sierentz,TERRITOIRE DE SANTE 4,012,SAINT-LOUIS
68,68327,Stetten,TERRITOIRE DE SANTE 4,012,SAINT-LOUIS
68,68341,Uffheim,TERRITOIRE DE SANTE 4,012,SAINT-LOUIS
68,68349,Village-Neuf,TERRITOIRE DE SANTE 4,012,SAINT-LOUIS
68,68353,Wahlbach,TERRITOIRE DE SANTE 4,012,SAINT-LOUIS
68,68357,Waltenheim,TERRITOIRE DE SANTE 4,012,SAINT-LOUIS
68,68362,Wentzwiller,TERRITOIRE DE SANTE 4,012,SAINT-LOUIS
68,68382,Zaessingue,TERRITOIRE DE SANTE 4,012,SAINT-LOUIS
67,67002,Adamswiller,TERRITOIRE DE SANTE 1,003,SAVERNE
67,67004,Allenwiller,TERRITOIRE DE SANTE 1,003,SAVERNE
67,67005,Alteckendorf,TERRITOIRE DE SANTE 1,003,SAVERNE
67,67006,Altenheim,TERRITOIRE DE SANTE 1,003,SAVERNE
67,67009,Altwiller,TERRITOIRE DE SANTE 1,003,SAVERNE
67,67013,Asswiller,TERRITOIRE DE SANTE 1,003,SAVERNE
67,67017,Baerendorf,TERRITOIRE DE SANTE 1,003,SAVERNE
67,67018,Balbronn,TERRITOIRE DE SANTE 1,003,SAVERNE
67,67029,Berg,TERRITOIRE DE SANTE 1,003,SAVERNE
67,67036,Bettwiller,TERRITOIRE DE SANTE 1,003,SAVERNE
67,67041,Birkenwald,TERRITOIRE DE SANTE 1,003,SAVERNE
67,67044,Bischholtz,TERRITOIRE DE SANTE 1,003,SAVERNE
67,67047,Bissert,TERRITOIRE DE SANTE 1,003,SAVERNE
67,67057,Bosselshausen,TERRITOIRE DE SANTE 1,003,SAVERNE
67,67058,Bossendorf,TERRITOIRE DE SANTE 1,003,SAVERNE
67,67061,Bouxwiller,TERRITOIRE DE SANTE 1,003,SAVERNE
67,67068,Buswiller,TERRITOIRE DE SANTE 1,003,SAVERNE
67,67070,Burbach,TERRITOIRE DE SANTE 1,003,SAVERNE
67,67071,Bust,TERRITOIRE DE SANTE 1,003,SAVERNE
67,67072,Butten,TERRITOIRE DE SANTE 1,003,SAVERNE
67,67077,Cosswiller,TERRITOIRE DE SANTE 1,003,SAVERNE
67,67078,Crastatt,TERRITOIRE DE SANTE 1,003,SAVERNE
67,67088,Dehlingen,TERRITOIRE DE SANTE 1,003,SAVERNE
67,67089,Dettwiller,TERRITOIRE DE SANTE 1,003,SAVERNE
67,67091,Diedendorf,TERRITOIRE DE SANTE 1,003,SAVERNE
67,67095,Diemeringen,TERRITOIRE DE SANTE 1,003,SAVERNE
67,67096,Dimbsthal,TERRITOIRE DE SANTE 1,003,SAVERNE
67,67099,Domfessel,TERRITOIRE DE SANTE 1,003,SAVERNE
67,67103,Dossenheim-sur-Zinsel,TERRITOIRE DE SANTE 1,003,SAVERNE
67,67105,Drulingen,TERRITOIRE DE SANTE 1,003,SAVERNE
67,67107,Duntzenheim,TERRITOIRE DE SANTE 1,003,SAVERNE
67,67111,Durstel,TERRITOIRE DE SANTE 1,003,SAVERNE
67,67117,Eckartswiller,TERRITOIRE DE SANTE 1,003,SAVERNE
67,67122,Wangenbourg-Engenthal,TERRITOIRE DE SANTE 1,003,SAVERNE
67,67126,Erckartswiller,TERRITOIRE DE SANTE 1,003,SAVERNE
67,67129,Ernolsheim-lès-Saverne,TERRITOIRE DE SANTE 1,003,SAVERNE
67,67133,Eschbourg,TERRITOIRE DE SANTE 1,003,SAVERNE
67,67134,Eschwiller,TERRITOIRE DE SANTE 1,003,SAVERNE
67,67135,Ettendorf,TERRITOIRE DE SANTE 1,003,SAVERNE
67,67136,Eywiller,TERRITOIRE DE SANTE 1,003,SAVERNE
67,67145,Friedolsheim,TERRITOIRE DE SANTE 1,003,SAVERNE
67,67148,Frohmuhl,TERRITOIRE DE SANTE 1,003,SAVERNE
67,67149,Furchhausen,TERRITOIRE DE SANTE 1,003,SAVERNE
67,67153,Geiswiller,TERRITOIRE DE SANTE 1,003,SAVERNE
67,67158,Gingsheim,TERRITOIRE DE SANTE 1,003,SAVERNE
67,67159,Gœrlingen,TERRITOIRE DE SANTE 1,003,SAVERNE
67,67161,Gottenhouse,TERRITOIRE DE SANTE 1,003,SAVERNE
67,67162,Gottesheim,TERRITOIRE DE SANTE 1,003,SAVERNE
67,67166,Grassendorf,TERRITOIRE DE SANTE 1,003,SAVERNE
67,67178,Gungwiller,TERRITOIRE DE SANTE 1,003,SAVERNE
67,67179,Haegen,TERRITOIRE DE SANTE 1,003,SAVERNE
67,67183,Harskirchen,TERRITOIRE DE SANTE 1,003,SAVERNE
67,67185,Hattmatt,TERRITOIRE DE SANTE 1,003,SAVERNE
67,67190,Hengwiller,TERRITOIRE DE SANTE 1,003,SAVERNE
67,67191,Herbitzheim,TERRITOIRE DE SANTE 1,003,SAVERNE
67,67198,Hinsbourg,TERRITOIRE DE SANTE 1,003,SAVERNE
67,67199,Hinsingen,TERRITOIRE DE SANTE 1,003,SAVERNE
67,67201,Hirschland,TERRITOIRE DE SANTE 1,003,SAVERNE
67,67202,Hochfelden,TERRITOIRE DE SANTE 1,003,SAVERNE
67,67207,Hohatzenheim,TERRITOIRE DE SANTE 1,003,SAVERNE
67,67208,Hohengœft,TERRITOIRE DE SANTE 1,003,SAVERNE
67,67209,Hohfrankenheim,TERRITOIRE DE SANTE 1,003,SAVERNE
67,67220,Ingenheim,TERRITOIRE DE SANTE 1,003,SAVERNE
67,67222,Ingwiller,TERRITOIRE DE SANTE 1,003,SAVERNE
67,67225,Issenhausen,TERRITOIRE DE SANTE 1,003,SAVERNE
67,67229,Jetterswiller,TERRITOIRE DE SANTE 1,003,SAVERNE
67,67234,Keskastel,TERRITOIRE DE SANTE 1,003,SAVERNE
67,67241,Kirrberg,TERRITOIRE DE SANTE 1,003,SAVERNE
67,67242,Kirrwiller,TERRITOIRE DE SANTE 1,003,SAVERNE
67,67244,Kleingœft,TERRITOIRE DE SANTE 1,003,SAVERNE
67,67245,Knœrsheim,TERRITOIRE DE SANTE 1,003,SAVERNE
67,67258,Landersheim,TERRITOIRE DE SANTE 1,003,SAVERNE
67,67265,Lichtenberg,TERRITOIRE DE SANTE 1,003,SAVERNE
67,67269,Littenheim,TERRITOIRE DE SANTE 1,003,SAVERNE
67,67270,Lixhausen,TERRITOIRE DE SANTE 1,003,SAVERNE
67,67272,Lochwiller,TERRITOIRE DE SANTE 1,003,SAVERNE
67,67273,Lohr,TERRITOIRE DE SANTE 1,003,SAVERNE
67,67274,Lorentzen,TERRITOIRE DE SANTE 1,003,SAVERNE
67,67275,Lupstein,TERRITOIRE DE SANTE 1,003,SAVERNE
67,67278,Mackwiller,TERRITOIRE DE SANTE 1,003,SAVERNE
67,67279,Maennolsheim,TERRITOIRE DE SANTE 1,003,SAVERNE
67,67283,Marmoutier,TERRITOIRE DE SANTE 1,003,SAVERNE
67,67287,Melsheim,TERRITOIRE DE SANTE 1,003,SAVERNE
67,67289,Menchhoffen,TERRITOIRE DE SANTE 1,003,SAVERNE
67,67293,Minversheim,TERRITOIRE DE SANTE 1,003,SAVERNE
67,67297,Mittelhausen,TERRITOIRE DE SANTE 1,003,SAVERNE
67,67302,Monswiller,TERRITOIRE DE SANTE 1,003,SAVERNE
67,67307,Mulhausen,TERRITOIRE DE SANTE 1,003,SAVERNE
67,67312,Mutzenhouse,TERRITOIRE DE SANTE 1,003,SAVERNE
67,67322,Neuwiller-lès-Saverne,TERRITOIRE DE SANTE 1,003,SAVERNE
67,67333,Niedersoultzbach,TERRITOIRE DE SANTE 1,003,SAVERNE
67,67347,Obermodern-Zutzendorf,TERRITOIRE DE SANTE 1,003,SAVERNE
67,67352,Obersoultzbach,TERRITOIRE DE SANTE 1,003,SAVERNE
67,67355,Oermingen,TERRITOIRE DE SANTE 1,003,SAVERNE
67,67366,Ottersthal,TERRITOIRE DE SANTE 1,003,SAVERNE
67,67367,Otterswiller,TERRITOIRE DE SANTE 1,003,SAVERNE
67,67369,Ottwiller,TERRITOIRE DE SANTE 1,003,SAVERNE
67,67370,Petersbach,TERRITOIRE DE SANTE 1,003,SAVERNE
67,67371,La Petite-Pierre,TERRITOIRE DE SANTE 1,003,SAVERNE
67,67373,Pfalzweyer,TERRITOIRE DE SANTE 1,003,SAVERNE
67,67380,Printzheim,TERRITOIRE DE SANTE 1,003,SAVERNE
67,67381,Puberg,TERRITOIRE DE SANTE 1,003,SAVERNE
67,67383,Rangen,TERRITOIRE DE SANTE 1,003,SAVERNE
67,67385,Ratzwiller,TERRITOIRE DE SANTE 1,003,SAVERNE
67,67386,Rauwiller,TERRITOIRE DE SANTE 1,003,SAVERNE
67,67391,Reinhardsmunster,TERRITOIRE DE SANTE 1,003,SAVERNE
67,67392,Reipertswiller,TERRITOIRE DE SANTE 1,003,SAVERNE
67,67395,Reutenbourg,TERRITOIRE DE SANTE 1,003,SAVERNE
67,67396,Rexingen,TERRITOIRE DE SANTE 1,003,SAVERNE
67,67401,Rimsdorf,TERRITOIRE DE SANTE 1,003,SAVERNE
67,67402,Ringeldorf,TERRITOIRE DE SANTE 1,003,SAVERNE
67,67403,Ringendorf,TERRITOIRE DE SANTE 1,003,SAVERNE
67,67408,Romanswiller,TERRITOIRE DE SANTE 1,003,SAVERNE
67,67413,Rosteig,TERRITOIRE DE SANTE 1,003,SAVERNE
67,67423,Saessolsheim,TERRITOIRE DE SANTE 1,003,SAVERNE
67,67425,Saint-Jean-Saverne,TERRITOIRE DE SANTE 1,003,SAVERNE
67,67431,Salenthal,TERRITOIRE DE SANTE 1,003,SAVERNE
67,67434,Sarre-Union,TERRITOIRE DE SANTE 1,003,SAVERNE
67,67435,Sarrewerden,TERRITOIRE DE SANTE 1,003,SAVERNE
67,67437,Saverne,TERRITOIRE DE SANTE 1,003,SAVERNE
67,67439,Schaffhouse-sur-Zorn,TERRITOIRE DE SANTE 1,003,SAVERNE
67,67441,Schalkendorf,TERRITOIRE DE SANTE 1,003,SAVERNE
67,67444,Scherlenheim,TERRITOIRE DE SANTE 1,003,SAVERNE
67,67446,Schillersdorf,TERRITOIRE DE SANTE 1,003,SAVERNE
67,67454,Schœnbourg,TERRITOIRE DE SANTE 1,003,SAVERNE
67,67456,Schopperten,TERRITOIRE DE SANTE 1,003,SAVERNE
67,67459,Schwenheim,TERRITOIRE DE SANTE 1,003,SAVERNE
67,67460,Schwindratzheim,TERRITOIRE DE SANTE 1,003,SAVERNE
67,67467,Siewiller,TERRITOIRE DE SANTE 1,003,SAVERNE
67,67468,Siltzheim,TERRITOIRE DE SANTE 1,003,SAVERNE
67,67469,Singrist,TERRITOIRE DE SANTE 1,003,SAVERNE
67,67475,Sparsbach,TERRITOIRE DE SANTE 1,003,SAVERNE
67,67478,Steinbourg,TERRITOIRE DE SANTE 1,003,SAVERNE
67,67483,Struth,TERRITOIRE DE SANTE 1,003,SAVERNE
67,67488,Thal-Drulingen,TERRITOIRE DE SANTE 1,003,SAVERNE
67,67489,Thal-Marmoutier,TERRITOIRE DE SANTE 1,003,SAVERNE
67,67491,Tieffenbach,TERRITOIRE DE SANTE 1,003,SAVERNE
67,67503,Uttwiller,TERRITOIRE DE SANTE 1,003,SAVERNE
67,67508,Vœllerdingen,TERRITOIRE DE SANTE 1,003,SAVERNE
67,67509,Volksberg,TERRITOIRE DE SANTE 1,003,SAVERNE
67,67514,Waldhambach,TERRITOIRE DE SANTE 1,003,SAVERNE
67,67515,Waldolwisheim,TERRITOIRE DE SANTE 1,003,SAVERNE
67,67516,Waltenheim-sur-Zorn,TERRITOIRE DE SANTE 1,003,SAVERNE
67,67517,Wangen,TERRITOIRE DE SANTE 1,003,SAVERNE
67,67520,Wasselonne,TERRITOIRE DE SANTE 1,003,SAVERNE
67,67521,Weinbourg,TERRITOIRE DE SANTE 1,003,SAVERNE
67,67522,Weislingen,TERRITOIRE DE SANTE 1,003,SAVERNE
67,67524,Weiterswiller,TERRITOIRE DE SANTE 1,003,SAVERNE
67,67525,Westhoffen,TERRITOIRE DE SANTE 1,003,SAVERNE
67,67527,Westhouse-Marmoutier,TERRITOIRE DE SANTE 1,003,SAVERNE
67,67528,Weyer,TERRITOIRE DE SANTE 1,003,SAVERNE
67,67530,Wickersheim-Wilshausen,TERRITOIRE DE SANTE 1,003,SAVERNE
67,67534,Wilwisheim,TERRITOIRE DE SANTE 1,003,SAVERNE
67,67535,Wimmenau,TERRITOIRE DE SANTE 1,003,SAVERNE
67,67538,Wingen-sur-Moder,TERRITOIRE DE SANTE 1,003,SAVERNE
67,67539,Wingersheim,TERRITOIRE DE SANTE 1,003,SAVERNE
67,67552,Wolfskirchen,TERRITOIRE DE SANTE 1,003,SAVERNE
67,67553,Wolschheim,TERRITOIRE DE SANTE 1,003,SAVERNE
67,67555,Zehnacker,TERRITOIRE DE SANTE 1,003,SAVERNE
67,67556,Zeinheim,TERRITOIRE DE SANTE 1,003,SAVERNE
67,67559,Zittersheim,TERRITOIRE DE SANTE 1,003,SAVERNE
67,67560,Zœbersdorf,TERRITOIRE DE SANTE 1,003,SAVERNE
67,67043,Bischheim,TERRITOIRE DE SANTE 2,004,STRASBOURG
67,67049,Blaesheim,TERRITOIRE DE SANTE 2,004,STRASBOURG
67,67118,Eckbolsheim,TERRITOIRE DE SANTE 2,004,STRASBOURG
67,67119,Eckwersheim,TERRITOIRE DE SANTE 2,004,STRASBOURG
67,67124,Entzheim,TERRITOIRE DE SANTE 2,004,STRASBOURG
67,67131,Eschau,TERRITOIRE DE SANTE 2,004,STRASBOURG
67,67137,Fegersheim,TERRITOIRE DE SANTE 2,004,STRASBOURG
67,67152,Geispolsheim,TERRITOIRE DE SANTE 2,004,STRASBOURG
67,67204,Hœnheim,TERRITOIRE DE SANTE 2,004,STRASBOURG
67,67212,Holtzheim,TERRITOIRE DE SANTE 2,004,STRASBOURG
67,67218,Illkirch-Graffenstaden,TERRITOIRE DE SANTE 2,004,STRASBOURG
67,67256,Lampertheim,TERRITOIRE DE SANTE 2,004,STRASBOURG
67,67267,Lingolsheim,TERRITOIRE DE SANTE 2,004,STRASBOURG
67,67268,Lipsheim,TERRITOIRE DE SANTE 2,004,STRASBOURG
67,67296,Mittelhausbergen,TERRITOIRE DE SANTE 2,004,STRASBOURG
67,67309,Mundolsheim,TERRITOIRE DE SANTE 2,004,STRASBOURG
67,67326,Niederhausbergen,TERRITOIRE DE SANTE 2,004,STRASBOURG
67,67343,Oberhausbergen,TERRITOIRE DE SANTE 2,004,STRASBOURG
67,67350,Oberschaeffolsheim,TERRITOIRE DE SANTE 2,004,STRASBOURG
67,67365,Ostwald,TERRITOIRE DE SANTE 2,004,STRASBOURG
67,67378,Plobsheim,TERRITOIRE DE SANTE 2,004,STRASBOURG
67,67389,Reichstett,TERRITOIRE DE SANTE 2,004,STRASBOURG
67,67447,Schiltigheim,TERRITOIRE DE SANTE 2,004,STRASBOURG
67,67471,Souffelweyersheim,TERRITOIRE DE SANTE 2,004,STRASBOURG
67,67482,Strasbourg,TERRITOIRE DE SANTE 2,004,STRASBOURG
67,67506,Vendenheim,TERRITOIRE DE SANTE 2,004,STRASBOURG
67,67519,La Wantzenau,TERRITOIRE DE SANTE 2,004,STRASBOURG
67,67551,Wolfisheim,TERRITOIRE DE SANTE 2,004,STRASBOURG
68,68011,Aspach-le-Bas,TERRITOIRE DE SANTE 4,009,THANN
68,68012,Aspach-le-Haut,TERRITOIRE DE SANTE 4,009,THANN
68,68031,Bernwiller,TERRITOIRE DE SANTE 4,009,THANN
68,68040,Bitschwiller-lès-Thann,TERRITOIRE DE SANTE 4,009,THANN
68,68045,Bourbach-le-Bas,TERRITOIRE DE SANTE 4,009,THANN
68,68046,Bourbach-le-Haut,TERRITOIRE DE SANTE 4,009,THANN
68,68059,Burnhaupt-le-Bas,TERRITOIRE DE SANTE 4,009,THANN
68,68060,Burnhaupt-le-Haut,TERRITOIRE DE SANTE 4,009,THANN
68,68063,Cernay,TERRITOIRE DE SANTE 4,009,THANN
68,68073,Dolleren,TERRITOIRE DE SANTE 4,009,THANN
68,68089,Fellering,TERRITOIRE DE SANTE 4,009,THANN
68,68102,Geishouse,TERRITOIRE DE SANTE 4,009,THANN
68,68106,Goldbach-Altenbach,TERRITOIRE DE SANTE 4,009,THANN
68,68115,Guewenheim,TERRITOIRE DE SANTE 4,009,THANN
68,68151,Husseren-Wesserling,TERRITOIRE DE SANTE 4,009,THANN
68,68167,Kirchberg,TERRITOIRE DE SANTE 4,009,THANN
68,68171,Kruth,TERRITOIRE DE SANTE 4,009,THANN
68,68179,Lauw,TERRITOIRE DE SANTE 4,009,THANN
68,68180,Leimbach,TERRITOIRE DE SANTE 4,009,THANN
68,68199,Malmerspach,TERRITOIRE DE SANTE 4,009,THANN
68,68201,Masevaux,TERRITOIRE DE SANTE 4,009,THANN
68,68206,Michelbach,TERRITOIRE DE SANTE 4,009,THANN
68,68211,Mitzach,TERRITOIRE DE SANTE 4,009,THANN
68,68213,Mollau,TERRITOIRE DE SANTE 4,009,THANN
68,68217,Moosch,TERRITOIRE DE SANTE 4,009,THANN
68,68219,Mortzwiller,TERRITOIRE DE SANTE 4,009,THANN
68,68233,Niederbruck,TERRITOIRE DE SANTE 4,009,THANN
68,68239,Oberbruck,TERRITOIRE DE SANTE 4,009,THANN
68,68247,Oderen,TERRITOIRE DE SANTE 4,009,THANN
68,68261,Rammersmatt,TERRITOIRE DE SANTE 4,009,THANN
68,68262,Ranspach,TERRITOIRE DE SANTE 4,009,THANN
68,68275,Rimbach-près-Masevaux,TERRITOIRE DE SANTE 4,009,THANN
68,68279,Roderen,TERRITOIRE DE SANTE 4,009,THANN
68,68292,Saint-Amarin,TERRITOIRE DE SANTE 4,009,THANN
68,68302,Schweighouse-Thann,TERRITOIRE DE SANTE 4,009,THANN
68,68304,Sentheim,TERRITOIRE DE SANTE 4,009,THANN
68,68307,Sewen,TERRITOIRE DE SANTE 4,009,THANN
68,68308,Sickert,TERRITOIRE DE SANTE 4,009,THANN
68,68313,Soppe-le-Bas,TERRITOIRE DE SANTE 4,009,THANN
68,68314,Soppe-le-Haut,TERRITOIRE DE SANTE 4,009,THANN
68,68322,Steinbach,TERRITOIRE DE SANTE 4,009,THANN
68,68328,Storckensohn,TERRITOIRE DE SANTE 4,009,THANN
68,68334,Thann,TERRITOIRE DE SANTE 4,009,THANN
68,68342,Uffholtz,TERRITOIRE DE SANTE 4,009,THANN
68,68344,Urbès,TERRITOIRE DE SANTE 4,009,THANN
68,68348,Vieux-Thann,TERRITOIRE DE SANTE 4,009,THANN
68,68359,Wattwiller,TERRITOIRE DE SANTE 4,009,THANN
68,68361,Wegscheid,TERRITOIRE DE SANTE 4,009,THANN
68,68370,Wildenstein,TERRITOIRE DE SANTE 4,009,THANN
68,68372,Willer-sur-Thur,TERRITOIRE DE SANTE 4,009,THANN
67,67012,Aschbach,TERRITOIRE DE SANTE 1,001,WISSEMBOURG
67,67069,Buhl,TERRITOIRE DE SANTE 1,001,WISSEMBOURG
67,67074,Cleebourg,TERRITOIRE DE SANTE 1,001,WISSEMBOURG
67,67075,Climbach,TERRITOIRE DE SANTE 1,001,WISSEMBOURG
67,67079,Crœttwiller,TERRITOIRE DE SANTE 1,001,WISSEMBOURG
67,67104,Drachenbronn-Birlenbach,TERRITOIRE DE SANTE 1,001,WISSEMBOURG
67,67113,Eberbach-Seltz,TERRITOIRE DE SANTE 1,001,WISSEMBOURG
67,67160,Gœrsdorf,TERRITOIRE DE SANTE 1,001,WISSEMBOURG
67,67184,Hatten,TERRITOIRE DE SANTE 1,001,WISSEMBOURG
67,67206,Hoffen,TERRITOIRE DE SANTE 1,001,WISSEMBOURG
67,67213,Hunspach,TERRITOIRE DE SANTE 1,001,WISSEMBOURG
67,67221,Ingolsheim,TERRITOIRE DE SANTE 1,001,WISSEMBOURG
67,67232,Keffenach,TERRITOIRE DE SANTE 1,001,WISSEMBOURG
67,67254,Kutzenhausen,TERRITOIRE DE SANTE 1,001,WISSEMBOURG
67,67257,Lampertsloch,TERRITOIRE DE SANTE 1,001,WISSEMBOURG
67,67259,Langensoultzbach,TERRITOIRE DE SANTE 1,001,WISSEMBOURG
67,67261,Lauterbourg,TERRITOIRE DE SANTE 1,001,WISSEMBOURG
67,67263,Lembach,TERRITOIRE DE SANTE 1,001,WISSEMBOURG
67,67271,Lobsann,TERRITOIRE DE SANTE 1,001,WISSEMBOURG
67,67288,Memmelshoffen,TERRITOIRE DE SANTE 1,001,WISSEMBOURG
67,67290,Merkwiller-Pechelbronn,TERRITOIRE DE SANTE 1,001,WISSEMBOURG
67,67305,Mothern,TERRITOIRE DE SANTE 1,001,WISSEMBOURG
67,67308,Munchhausen,TERRITOIRE DE SANTE 1,001,WISSEMBOURG
67,67315,Neewiller-près-Lauterbourg,TERRITOIRE DE SANTE 1,001,WISSEMBOURG
67,67327,Niederlauterbach,TERRITOIRE DE SANTE 1,001,WISSEMBOURG
67,67330,Niederrœdern,TERRITOIRE DE SANTE 1,001,WISSEMBOURG
67,67334,Niedersteinbach,TERRITOIRE DE SANTE 1,001,WISSEMBOURG
67,67339,Betschdorf,TERRITOIRE DE SANTE 1,001,WISSEMBOURG
67,67344,Oberhoffen-lès-Wissembourg,TERRITOIRE DE SANTE 1,001,WISSEMBOURG
67,67346,Oberlauterbach,TERRITOIRE DE SANTE 1,001,WISSEMBOURG
67,67349,Oberrœdern,TERRITOIRE DE SANTE 1,001,WISSEMBOURG
67,67351,Seebach,TERRITOIRE DE SANTE 1,001,WISSEMBOURG
67,67353,Obersteinbach,TERRITOIRE DE SANTE 1,001,WISSEMBOURG
67,67379,Preuschdorf,TERRITOIRE DE SANTE 1,001,WISSEMBOURG
67,67394,Retschwiller,TERRITOIRE DE SANTE 1,001,WISSEMBOURG
67,67400,Riedseltz,TERRITOIRE DE SANTE 1,001,WISSEMBOURG
67,67404,Rittershoffen,TERRITOIRE DE SANTE 1,001,WISSEMBOURG
67,67416,Rott,TERRITOIRE DE SANTE 1,001,WISSEMBOURG
67,67432,Salmbach,TERRITOIRE DE SANTE 1,001,WISSEMBOURG
67,67440,Schaffhouse-près-Seltz,TERRITOIRE DE SANTE 1,001,WISSEMBOURG
67,67443,Scheibenhard,TERRITOIRE DE SANTE 1,001,WISSEMBOURG
67,67451,Schleithal,TERRITOIRE DE SANTE 1,001,WISSEMBOURG
67,67455,Schœnenbourg,TERRITOIRE DE SANTE 1,001,WISSEMBOURG
67,67463,Seltz,TERRITOIRE DE SANTE 1,001,WISSEMBOURG
67,67466,Siegen,TERRITOIRE DE SANTE 1,001,WISSEMBOURG
67,67474,Soultz-sous-Forêts,TERRITOIRE DE SANTE 1,001,WISSEMBOURG
67,67479,Steinseltz,TERRITOIRE DE SANTE 1,001,WISSEMBOURG
67,67484,Stundwiller,TERRITOIRE DE SANTE 1,001,WISSEMBOURG
67,67487,Surbourg,TERRITOIRE DE SANTE 1,001,WISSEMBOURG
67,67494,Trimbach,TERRITOIRE DE SANTE 1,001,WISSEMBOURG
67,67537,Wingen,TERRITOIRE DE SANTE 1,001,WISSEMBOURG
67,67541,Wintzenbach,TERRITOIRE DE SANTE 1,001,WISSEMBOURG
67,67544,Wissembourg,TERRITOIRE DE SANTE 1,001,WISSEMBOURG
67,67550,Wœrth,TERRITOIRE DE SANTE 1,001,WISSEMBOURG
